{
  "metadata": {
    "phase": "Phase 2 mini-start",
    "node_counts": [
      3,
      4
    ],
    "candidate_limits": [
      10,
      20,
      50,
      100,
      200,
      500
    ],
    "trials": 30,
    "methods": [
      "random_repair",
      "random_search",
      "local_repair",
      "reinterpretation"
    ],
    "note": "Additional current-scope check after Phase 1 closure; utility_proxy is a structural proxy."
  },
  "summaries": [
    {
      "candidate_limit": 10,
      "node_count": 3,
      "trials": 30,
      "random_repair_mean": 0.22546296296296295,
      "random_search_mean": 0.47362808641975307,
      "local_repair_mean": 0.45296296296296296,
      "reinterpretation_mean": 0.7231249999999999,
      "improvement_vs_random_repair_mean": 0.49766203703703704,
      "improvement_vs_random_search_mean": 0.24949691358024687,
      "improvement_vs_local_repair_mean": 0.270162037037037,
      "tied_win_rate": 1.0,
      "strict_win_rate": 0.9,
      "loss_count": 0
    },
    {
      "candidate_limit": 10,
      "node_count": 4,
      "trials": 30,
      "random_repair_mean": 0.21631944444444445,
      "random_search_mean": 0.37055902777777777,
      "local_repair_mean": 0.3391909722222222,
      "reinterpretation_mean": 0.39562880291005287,
      "improvement_vs_random_repair_mean": 0.17930935846560844,
      "improvement_vs_random_search_mean": 0.025069775132275138,
      "improvement_vs_local_repair_mean": 0.05643783068783068,
      "tied_win_rate": 0.4666666666666667,
      "strict_win_rate": 0.36666666666666664,
      "loss_count": 16
    },
    {
      "candidate_limit": 20,
      "node_count": 3,
      "trials": 30,
      "random_repair_mean": 0.22546296296296295,
      "random_search_mean": 0.5477654320987654,
      "local_repair_mean": 0.5971875,
      "reinterpretation_mean": 0.7231249999999999,
      "improvement_vs_random_repair_mean": 0.49766203703703704,
      "improvement_vs_random_search_mean": 0.17535956790123453,
      "improvement_vs_local_repair_mean": 0.12593749999999998,
      "tied_win_rate": 1.0,
      "strict_win_rate": 0.6333333333333333,
      "loss_count": 0
    },
    {
      "candidate_limit": 20,
      "node_count": 4,
      "trials": 30,
      "random_repair_mean": 0.21631944444444445,
      "random_search_mean": 0.436625,
      "local_repair_mean": 0.34164930555555556,
      "reinterpretation_mean": 0.43682175925925926,
      "improvement_vs_random_repair_mean": 0.2205023148148148,
      "improvement_vs_random_search_mean": 0.00019675925925926596,
      "improvement_vs_local_repair_mean": 0.09517245370370371,
      "tied_win_rate": 0.5,
      "strict_win_rate": 0.4666666666666667,
      "loss_count": 15
    },
    {
      "candidate_limit": 50,
      "node_count": 3,
      "trials": 30,
      "random_repair_mean": 0.22546296296296295,
      "random_search_mean": 0.6322916666666667,
      "local_repair_mean": 0.7231249999999999,
      "reinterpretation_mean": 0.7231249999999999,
      "improvement_vs_random_repair_mean": 0.49766203703703704,
      "improvement_vs_random_search_mean": 0.0908333333333333,
      "improvement_vs_local_repair_mean": 0.0,
      "tied_win_rate": 1.0,
      "strict_win_rate": 0.0,
      "loss_count": 0
    },
    {
      "candidate_limit": 50,
      "node_count": 4,
      "trials": 30,
      "random_repair_mean": 0.21631944444444445,
      "random_search_mean": 0.5122511160714286,
      "local_repair_mean": 0.4584210482804233,
      "reinterpretation_mean": 0.45518113425925927,
      "improvement_vs_random_repair_mean": 0.23886168981481481,
      "improvement_vs_random_search_mean": -0.05706998181216931,
      "improvement_vs_local_repair_mean": -0.0032399140211640254,
      "tied_win_rate": 0.13333333333333333,
      "strict_win_rate": 0.13333333333333333,
      "loss_count": 26
    },
    {
      "candidate_limit": 100,
      "node_count": 3,
      "trials": 30,
      "random_repair_mean": 0.22546296296296295,
      "random_search_mean": 0.6828472222222222,
      "local_repair_mean": 0.7231249999999999,
      "reinterpretation_mean": 0.7231249999999999,
      "improvement_vs_random_repair_mean": 0.49766203703703704,
      "improvement_vs_random_search_mean": 0.04027777777777775,
      "improvement_vs_local_repair_mean": 0.0,
      "tied_win_rate": 1.0,
      "strict_win_rate": 0.0,
      "loss_count": 0
    },
    {
      "candidate_limit": 100,
      "node_count": 4,
      "trials": 30,
      "random_repair_mean": 0.21631944444444445,
      "random_search_mean": 0.5518769841269842,
      "local_repair_mean": 0.6150634920634921,
      "reinterpretation_mean": 0.47364839616402116,
      "improvement_vs_random_repair_mean": 0.2573289517195767,
      "improvement_vs_random_search_mean": -0.07822858796296298,
      "improvement_vs_local_repair_mean": -0.14141509589947088,
      "tied_win_rate": 0.0,
      "strict_win_rate": 0.0,
      "loss_count": 30
    },
    {
      "candidate_limit": 200,
      "node_count": 3,
      "trials": 30,
      "random_repair_mean": 0.22546296296296295,
      "random_search_mean": 0.7164930555555555,
      "local_repair_mean": 0.7231249999999999,
      "reinterpretation_mean": 0.7231249999999999,
      "improvement_vs_random_repair_mean": 0.49766203703703704,
      "improvement_vs_random_search_mean": 0.006631944444444434,
      "improvement_vs_local_repair_mean": 0.0,
      "tied_win_rate": 1.0,
      "strict_win_rate": 0.0,
      "loss_count": 0
    },
    {
      "candidate_limit": 200,
      "node_count": 4,
      "trials": 30,
      "random_repair_mean": 0.21631944444444445,
      "random_search_mean": 0.5853008432539683,
      "local_repair_mean": 0.7518783068783068,
      "reinterpretation_mean": 0.4903146494708995,
      "improvement_vs_random_repair_mean": 0.273995205026455,
      "improvement_vs_random_search_mean": -0.09498619378306879,
      "improvement_vs_local_repair_mean": -0.2615636574074074,
      "tied_win_rate": 0.0,
      "strict_win_rate": 0.0,
      "loss_count": 30
    },
    {
      "candidate_limit": 500,
      "node_count": 3,
      "trials": 30,
      "random_repair_mean": 0.22546296296296295,
      "random_search_mean": 0.7231249999999999,
      "local_repair_mean": 0.7231249999999999,
      "reinterpretation_mean": 0.7231249999999999,
      "improvement_vs_random_repair_mean": 0.49766203703703704,
      "improvement_vs_random_search_mean": 0.0,
      "improvement_vs_local_repair_mean": 0.0,
      "tied_win_rate": 1.0,
      "strict_win_rate": 0.0,
      "loss_count": 0
    },
    {
      "candidate_limit": 500,
      "node_count": 4,
      "trials": 30,
      "random_repair_mean": 0.21631944444444445,
      "random_search_mean": 0.6156538525132275,
      "local_repair_mean": 0.7518783068783068,
      "reinterpretation_mean": 0.5189340277777778,
      "improvement_vs_random_repair_mean": 0.30261458333333335,
      "improvement_vs_random_search_mean": -0.09671982473544974,
      "improvement_vs_local_repair_mean": -0.2329442791005291,
      "tied_win_rate": 0.0,
      "strict_win_rate": 0.0,
      "loss_count": 30
    }
  ]
}
